{
	"info": {
		"_postman_id": "492f08f7-fc8e-4ddb-bee1-abf44d7b8ba5",
		"name": "ASP.NET Core Web API Deep Dive",
		"schema": "https://schema.getpostman.com/json/collection/v2.1.0/collection.json",
		"_exporter_id": "805617"
	},
	"item": [
		{
			"name": "GET Author (wrong)",
			"request": {
				"method": "GET",
				"header": [],
				"url": {
					"raw": "http://localhost:{{portNumber}}/api/getauthor/d28888e9-2ba9-473a-a40f-e38cb54f9b35",
					"protocol": "http",
					"host": [
						"localhost"
					],
					"port": "{{portNumber}}",
					"path": [
						"api",
						"getauthor",
						"d28888e9-2ba9-473a-a40f-e38cb54f9b35"
					]
				}
			},
			"response": []
		},
		{
			"name": "GET Authors with POST (wrong)",
			"request": {
				"method": "POST",
				"header": [],
				"url": {
					"raw": "http://localhost:{{portNumber}}/api/author",
					"protocol": "http",
					"host": [
						"localhost"
					],
					"port": "{{portNumber}}",
					"path": [
						"api",
						"author"
					]
				}
			},
			"response": []
		},
		{
			"name": "GET Courses for Author (wrong)",
			"request": {
				"method": "GET",
				"header": [],
				"url": {
					"raw": "http://localhost:{{portNumber}}/api/author/d28888e9-2ba9-473a-a40f-e38cb54f9b35/courses",
					"protocol": "http",
					"host": [
						"localhost"
					],
					"port": "{{portNumber}}",
					"path": [
						"api",
						"author",
						"d28888e9-2ba9-473a-a40f-e38cb54f9b35",
						"courses"
					]
				}
			},
			"response": []
		},
		{
			"name": "GET Authors",
			"request": {
				"method": "GET",
				"header": [],
				"url": {
					"raw": "http://localhost:{{portNumber}}/api/authors",
					"protocol": "http",
					"host": [
						"localhost"
					],
					"port": "{{portNumber}}",
					"path": [
						"api",
						"authors"
					]
				}
			},
			"response": []
		},
		{
			"name": "GET Author",
			"request": {
				"method": "GET",
				"header": [
					{
						"key": "Accept",
						"value": "application/json",
						"type": "text"
					}
				],
				"url": {
					"raw": "http://localhost:{{portNumber}}/api/authors/d28888e9-2ba9-473a-a40f-e38cb54f9b35",
					"protocol": "http",
					"host": [
						"localhost"
					],
					"port": "{{portNumber}}",
					"path": [
						"api",
						"authors",
						"d28888e9-2ba9-473a-a40f-e38cb54f9b35"
					]
				}
			},
			"response": []
		},
		{
			"name": "GET Author (unexisting)",
			"request": {
				"method": "GET",
				"header": [],
				"url": {
					"raw": "http://localhost:{{portNumber}}/api/authors/a8d15573-ec65-4f48-97d2-2e7c0a726c33",
					"protocol": "http",
					"host": [
						"localhost"
					],
					"port": "{{portNumber}}",
					"path": [
						"api",
						"authors",
						"a8d15573-ec65-4f48-97d2-2e7c0a726c33"
					]
				}
			},
			"response": []
		},
		{
			"name": "GET Author (Accept: application/json)",
			"request": {
				"method": "GET",
				"header": [
					{
						"key": "Accept",
						"value": "application/json"
					}
				],
				"url": {
					"raw": "http://localhost:{{portNumber}}/api/authors/d28888e9-2ba9-473a-a40f-e38cb54f9b35",
					"protocol": "http",
					"host": [
						"localhost"
					],
					"port": "{{portNumber}}",
					"path": [
						"api",
						"authors",
						"d28888e9-2ba9-473a-a40f-e38cb54f9b35"
					]
				}
			},
			"response": []
		},
		{
			"name": "GET Author (Accept: application/xml)",
			"request": {
				"method": "GET",
				"header": [
					{
						"key": "Accept",
						"value": "application/xml"
					}
				],
				"url": {
					"raw": "http://localhost:{{portNumber}}/api/authors/d28888e9-2ba9-473a-a40f-e38cb54f9b35",
					"protocol": "http",
					"host": [
						"localhost"
					],
					"port": "{{portNumber}}",
					"path": [
						"api",
						"authors",
						"d28888e9-2ba9-473a-a40f-e38cb54f9b35"
					]
				}
			},
			"response": []
		},
		{
			"name": "GET Courses for Author",
			"request": {
				"method": "GET",
				"header": [],
				"url": {
					"raw": "http://localhost:{{portNumber}}/api/authors/d28888e9-2ba9-473a-a40f-e38cb54f9b35/courses",
					"protocol": "http",
					"host": [
						"localhost"
					],
					"port": "{{portNumber}}",
					"path": [
						"api",
						"authors",
						"d28888e9-2ba9-473a-a40f-e38cb54f9b35",
						"courses"
					]
				}
			},
			"response": []
		},
		{
			"name": "GET Courses for Author (unexisting Author)",
			"request": {
				"method": "GET",
				"header": [],
				"url": {
					"raw": "http://localhost:{{portNumber}}/api/authors/b29e03b5-ba28-4489-8834-689de28af370/courses",
					"protocol": "http",
					"host": [
						"localhost"
					],
					"port": "{{portNumber}}",
					"path": [
						"api",
						"authors",
						"b29e03b5-ba28-4489-8834-689de28af370",
						"courses"
					]
				}
			},
			"response": []
		},
		{
			"name": "GET Course for Author",
			"request": {
				"method": "GET",
				"header": [],
				"url": {
					"raw": "http://localhost:{{portNumber}}/api/authors/d28888e9-2ba9-473a-a40f-e38cb54f9b35/courses/5b1c2b4d-48c7-402a-80c3-cc796ad49c6b",
					"protocol": "http",
					"host": [
						"localhost"
					],
					"port": "{{portNumber}}",
					"path": [
						"api",
						"authors",
						"d28888e9-2ba9-473a-a40f-e38cb54f9b35",
						"courses",
						"5b1c2b4d-48c7-402a-80c3-cc796ad49c6b"
					]
				}
			},
			"response": []
		},
		{
			"name": "GET Course for Author (unexisting Author)",
			"request": {
				"method": "GET",
				"header": [],
				"url": {
					"raw": "http://localhost:{{portNumber}}/api/authors/b29e03b5-ba28-4489-8834-689de28af370/courses/bc4c35c3-3857-4250-9449-155fcf5109ec",
					"protocol": "http",
					"host": [
						"localhost"
					],
					"port": "{{portNumber}}",
					"path": [
						"api",
						"authors",
						"b29e03b5-ba28-4489-8834-689de28af370",
						"courses",
						"bc4c35c3-3857-4250-9449-155fcf5109ec"
					]
				}
			},
			"response": []
		},
		{
			"name": "GET Course for Author (unexisting Course)",
			"request": {
				"method": "GET",
				"header": [],
				"url": {
					"raw": "http://localhost:{{portNumber}}/api/authors/d28888e9-2ba9-473a-a40f-e38cb54f9b35/courses/8afc4f43-3d02-429b-90c7-1cabe201bf7a",
					"protocol": "http",
					"host": [
						"localhost"
					],
					"port": "{{portNumber}}",
					"path": [
						"api",
						"authors",
						"d28888e9-2ba9-473a-a40f-e38cb54f9b35",
						"courses",
						"8afc4f43-3d02-429b-90c7-1cabe201bf7a"
					]
				}
			},
			"response": []
		},
		{
			"name": "HEAD Authors",
			"request": {
				"method": "HEAD",
				"header": [],
				"url": {
					"raw": "http://localhost:{{portNumber}}/api/authors",
					"protocol": "http",
					"host": [
						"localhost"
					],
					"port": "{{portNumber}}",
					"path": [
						"api",
						"authors"
					]
				}
			},
			"response": []
		},
		{
			"name": "POST Author",
			"request": {
				"method": "POST",
				"header": [
					{
						"key": "Content-Type",
						"value": "application/json"
					},
					{
						"key": "Accept",
						"value": "application/json"
					}
				],
				"body": {
					"mode": "raw",
					"raw": "{\n\t\"firstName\" : \"Jane\",\n\t\"lastName\" : \"Skewers\",\n\t\"dateOfBirth\" : \"1968-03-04T00:00:00\",\n\t\"mainCategory\": \"Rum\"\n}"
				},
				"url": {
					"raw": "http://localhost:{{portNumber}}/api/authors",
					"protocol": "http",
					"host": [
						"localhost"
					],
					"port": "{{portNumber}}",
					"path": [
						"api",
						"authors"
					]
				}
			},
			"response": []
		},
		{
			"name": "POST Author (no body)",
			"request": {
				"method": "POST",
				"header": [
					{
						"key": "Content-Type",
						"value": "application/json"
					},
					{
						"key": "Accept",
						"value": "application/json"
					}
				],
				"body": {
					"mode": "raw",
					"raw": ""
				},
				"url": {
					"raw": "http://localhost:{{portNumber}}/api/authors",
					"protocol": "http",
					"host": [
						"localhost"
					],
					"port": "{{portNumber}}",
					"path": [
						"api",
						"authors"
					]
				}
			},
			"response": []
		},
		{
			"name": "POST Author (invalid body)",
			"request": {
				"method": "POST",
				"header": [
					{
						"key": "Content-Type",
						"value": "application/json"
					},
					{
						"key": "Accept",
						"value": "application/json"
					}
				],
				"body": {
					"mode": "raw",
					"raw": "{\n\t\"firstName\" : \"Jane\",\n\t\"lastName\" : \"Skewers\",\n\t\"dateOfBirth\" : \"invalid value for DateTimeOffset\",\n\t\"mainCategory\": \"Rum\"\n}"
				},
				"url": {
					"raw": "http://localhost:{{portNumber}}/api/authors",
					"protocol": "http",
					"host": [
						"localhost"
					],
					"port": "{{portNumber}}",
					"path": [
						"api",
						"authors"
					]
				}
			},
			"response": []
		},
		{
			"name": "POST Course for Author",
			"request": {
				"method": "POST",
				"header": [
					{
						"key": "Content-Type",
						"value": "application/json"
					},
					{
						"key": "Accept",
						"value": "application/json"
					}
				],
				"body": {
					"mode": "raw",
					"raw": "{\n\t\"title\" : \"Top Pirate Hits of Last Decade\",\n\t\"description\" : \"Learn the lyrics and notes to the latest pirate hits\"\n}"
				},
				"url": {
					"raw": "http://localhost:{{portNumber}}/api/authors/2902b665-1190-4c70-9915-b9c2d7680450/courses",
					"protocol": "http",
					"host": [
						"localhost"
					],
					"port": "{{portNumber}}",
					"path": [
						"api",
						"authors",
						"2902b665-1190-4c70-9915-b9c2d7680450",
						"courses"
					]
				}
			},
			"response": []
		},
		{
			"name": "POST Course for Author (unexisting Author)",
			"request": {
				"method": "POST",
				"header": [
					{
						"key": "Content-Type",
						"value": "application/json"
					},
					{
						"key": "Accept",
						"value": "application/json"
					}
				],
				"body": {
					"mode": "raw",
					"raw": "{\n\t\"title\" : \"Top Pirate Hits of Last Decade\",\n\t\"description\" : \"Learn the lyrics and notes to the latest pirate hits\"\n}"
				},
				"url": {
					"raw": "http://localhost:{{portNumber}}/api/authors/0d75ab75-0028-40c3-8019-1188fe7e790a/courses",
					"protocol": "http",
					"host": [
						"localhost"
					],
					"port": "{{portNumber}}",
					"path": [
						"api",
						"authors",
						"0d75ab75-0028-40c3-8019-1188fe7e790a",
						"courses"
					]
				}
			},
			"response": []
		},
		{
			"name": "POST Author with Courses",
			"request": {
				"method": "POST",
				"header": [
					{
						"key": "Content-Type",
						"value": "application/json"
					},
					{
						"key": "Accept",
						"value": "application/json"
					}
				],
				"body": {
					"mode": "raw",
					"raw": "{\n\t\"firstName\" : \"Jane\",\n\t\"lastName\" : \"Skewers\",\n\t\"dateOfBirth\" : \"1968-03-04T00:00:00\",\n\t\"mainCategory\": \"Rum\",\n\t\"courses\": [\n\t\t{\n\t\t\t\"title\" : \"Drinking Games for Lazy Pirates\",\n\t\t\t\"description\" : \"The best drinking games for pirates that don't like to move their feet unless strictly necessary.\"\n\t\t},\n\t\t{\n\t\t\t\"title\" : \"Rum Degustation 101\",\n\t\t\t\"description\" : \"Learn all about rum degustation, from differences in color, taste and chance of debauchery\"\n\t\t}\n\t\t]\n}"
				},
				"url": {
					"raw": "http://localhost:{{portNumber}}/api/authors",
					"protocol": "http",
					"host": [
						"localhost"
					],
					"port": "{{portNumber}}",
					"path": [
						"api",
						"authors"
					]
				}
			},
			"response": []
		},
		{
			"name": "POST Author collection",
			"request": {
				"method": "POST",
				"header": [
					{
						"key": "Content-Type",
						"value": "application/json"
					},
					{
						"key": "Accept",
						"value": "application/json"
					}
				],
				"body": {
					"mode": "raw",
					"raw": "[{\n\t\"firstName\" : \"Jane\",\n\t\"lastName\" : \"Skewers\",\n\t\"dateOfBirth\" : \"1968-03-04T00:00:00\",\n\t\"mainCategory\": \"Rum\"\n},\n{\n\t\"firstName\" : \"Jack\",\n\t\"lastName\" : \"Pepper\",\n\t\"dateOfBirth\" : \"1981-05-03T00:00:00\",\n\t\"mainCategory\": \"Singing\"\n}]"
				},
				"url": {
					"raw": "http://localhost:{{portNumber}}/api/authorcollections",
					"protocol": "http",
					"host": [
						"localhost"
					],
					"port": "{{portNumber}}",
					"path": [
						"api",
						"authorcollections"
					]
				}
			},
			"response": []
		},
		{
			"name": "POST Author to single resource URI",
			"request": {
				"method": "POST",
				"header": [
					{
						"key": "Content-Type",
						"value": "application/json"
					},
					{
						"key": "Accept",
						"value": "application/json"
					}
				],
				"body": {
					"mode": "raw",
					"raw": "{\n\t\"firstName\" : \"Jane\",\n\t\"lastName\" : \"Skewers\",\n\t\"dateOfBirth\" : \"1968-03-04T00:00:00\",\n\t\"mainCategory\": \"Rum\"\n}"
				},
				"url": {
					"raw": "http://localhost:{{portNumber}}/api/authors/25141d83-4584-4487-a306-0441695d8e24",
					"protocol": "http",
					"host": [
						"localhost"
					],
					"port": "{{portNumber}}",
					"path": [
						"api",
						"authors",
						"25141d83-4584-4487-a306-0441695d8e24"
					]
				}
			},
			"response": []
		},
		{
			"name": "OPTIONS Authors",
			"request": {
				"method": "OPTIONS",
				"header": [],
				"body": {
					"mode": "formdata",
					"formdata": []
				},
				"url": {
					"raw": "http://localhost:{{portNumber}}/api/authors",
					"protocol": "http",
					"host": [
						"localhost"
					],
					"port": "{{portNumber}}",
					"path": [
						"api",
						"authors"
					]
				}
			},
			"response": []
		},
		{
			"name": "POST Author (XML input)",
			"request": {
				"method": "POST",
				"header": [
					{
						"key": "Content-Type",
						"value": "application/xml"
					},
					{
						"key": "Accept",
						"value": "application/json"
					}
				],
				"body": {
					"mode": "raw",
					"raw": "<AuthorForCreationDto xmlns:i=\"http://www.w3.org/2001/XMLSchema-instance\" xmlns=\"http://schemas.datacontract.org/2004/07/CourseLibrary.API.Models\">\r\n        <DateOfBirth xmlns:d3p1=\"http://schemas.datacontract.org/2004/07/System\">\r\n            <d3p1:DateTime>1968-03-03T00:00:00Z</d3p1:DateTime>\r\n            <d3p1:OffsetMinutes>0</d3p1:OffsetMinutes>\r\n        </DateOfBirth>\r\n        <FirstName>Jane</FirstName>  \r\n        <LastName>Skewers</LastName>\r\n        <MainCategory>Rum</MainCategory>\r\n</AuthorForCreationDto>"
				},
				"url": {
					"raw": "http://localhost:{{portNumber}}/api/authors",
					"protocol": "http",
					"host": [
						"localhost"
					],
					"port": "{{portNumber}}",
					"path": [
						"api",
						"authors"
					]
				}
			},
			"response": []
		},
		{
			"name": "POST Author (XML input, XML output)",
			"request": {
				"method": "POST",
				"header": [
					{
						"key": "Content-Type",
						"value": "application/xml"
					},
					{
						"key": "Accept",
						"value": "application/xml"
					}
				],
				"body": {
					"mode": "raw",
					"raw": "<AuthorForCreationDto xmlns:i=\"http://www.w3.org/2001/XMLSchema-instance\" xmlns=\"http://schemas.datacontract.org/2004/07/CourseLibrary.API.Models\">\r\n        <DateOfBirth xmlns:d3p1=\"http://schemas.datacontract.org/2004/07/System\">\r\n            <d3p1:DateTime>1968-03-03T00:00:00Z</d3p1:DateTime>\r\n            <d3p1:OffsetMinutes>0</d3p1:OffsetMinutes>\r\n        </DateOfBirth>\r\n        <FirstName>Jane</FirstName>  \r\n        <LastName>Skewers</LastName>\r\n        <MainCategory>Rum</MainCategory>\r\n</AuthorForCreationDto>\r\n"
				},
				"url": {
					"raw": "http://localhost:{{portNumber}}/api/authors",
					"protocol": "http",
					"host": [
						"localhost"
					],
					"port": "{{portNumber}}",
					"path": [
						"api",
						"authors"
					]
				}
			},
			"response": []
		},
		{
			"name": "POST Course for Author (null values)",
			"request": {
				"method": "POST",
				"header": [
					{
						"key": "Content-Type",
						"value": "application/json"
					},
					{
						"key": "Accept",
						"value": "application/json"
					}
				],
				"body": {
					"mode": "raw",
					"raw": "{\n\t\"title\" : null,\n\t\"description\" : null\n}"
				},
				"url": {
					"raw": "http://localhost:{{portNumber}}/api/authors/2902b665-1190-4c70-9915-b9c2d7680450/courses",
					"protocol": "http",
					"host": [
						"localhost"
					],
					"port": "{{portNumber}}",
					"path": [
						"api",
						"authors",
						"2902b665-1190-4c70-9915-b9c2d7680450",
						"courses"
					]
				}
			},
			"response": []
		},
		{
			"name": "POST Course for Author (title too long, description null)",
			"request": {
				"method": "POST",
				"header": [
					{
						"key": "Content-Type",
						"value": "application/json"
					},
					{
						"key": "Accept",
						"value": "application/json"
					}
				],
				"body": {
					"mode": "raw",
					"raw": "{\n\t\"title\" : \"Prow scuttle parrel provost Sail ho shrouds spirits boom mizzenmast yardarm. Pinnace holystone mizzenmast quarter crow's nest nipperkin grog yardarm hempen halter furl. Swab barque interloper chantey doubloon starboard grog black jack gangway rutters.\",\n\t\"description\" : \"\"\n}"
				},
				"url": {
					"raw": "http://localhost:{{portNumber}}/api/authors/2902b665-1190-4c70-9915-b9c2d7680450/courses",
					"protocol": "http",
					"host": [
						"localhost"
					],
					"port": "{{portNumber}}",
					"path": [
						"api",
						"authors",
						"2902b665-1190-4c70-9915-b9c2d7680450",
						"courses"
					]
				}
			},
			"response": []
		},
		{
			"name": "POST Course for Author (title == description)",
			"request": {
				"method": "POST",
				"header": [
					{
						"key": "Content-Type",
						"value": "application/json"
					},
					{
						"key": "Accept",
						"value": "application/json"
					}
				],
				"body": {
					"mode": "raw",
					"raw": "{\n  \"title\" : \"A new course\",\n  \"description\" : \"A new course\"\n}"
				},
				"url": {
					"raw": "http://localhost:{{portNumber}}/api/authors/2902b665-1190-4c70-9915-b9c2d7680450/courses",
					"protocol": "http",
					"host": [
						"localhost"
					],
					"port": "{{portNumber}}",
					"path": [
						"api",
						"authors",
						"2902b665-1190-4c70-9915-b9c2d7680450",
						"courses"
					]
				}
			},
			"response": []
		},
		{
			"name": "POST Course for Author (long title == long description)",
			"request": {
				"method": "POST",
				"header": [
					{
						"key": "Content-Type",
						"value": "application/json"
					},
					{
						"key": "Accept",
						"value": "application/json"
					}
				],
				"body": {
					"mode": "raw",
					"raw": "{\n  \"title\": \"Ye black spot cog Spanish Main black jack gabion smartly bilge water list. Execution dock yawl clap of thunder yo-ho-ho case shot poop deck loot hail-shot overhaul. Quarter no prey, no pay bowsprit piracy bucko driver crimp mizzenmast fire in the hole. Stern swing the lead smartly hogshead port jack bilge parley lugger.  Nipper brig tackle Brethren of the Coast crimp rigging lanyard cutlass fluke. Blow the man down lass rutters Sea Legs warp gun splice the main brace ho black spot. Long clothes main sheet Davy Jones' Locker yawl ballast dead men tell no tales run a rig gally bucko. Heave down piracy topgallant snow stern chantey barkadeer weigh anchor mizzenmast.Matey mizzenmast topgallant fire ship tender black jack barque splice the main brace square-rigged. Tackle dance the hempen jig Chain Shot bilge boatswain Yellow Jack league boom aye. Grog sheet code of conduct brig boom scuppers marooned scurvy run a shot across the bow. Swing the lead no prey, no pay blow the man down reef bilged on her anchor bowsprit chase guns spirits lad. Pillage me Jack Ketch bounty schooner Pieces of Eight ballast execution dock poop deck. Scourge of the seven seas spanker run a shot across the bow boatswain Yellow Jack knave case shot measured fer yer chains six pounders. Gangway topgallant keelhaul haul wind barque cog galleon lookout Chain Shot. Execution dock Yellow Jack hang the jib lass Cat o'nine tails keelhaul list galleon long clothes. Swab provost chase guns lookout coxswain Arr spike Plate Fleet cackle fruit. Gunwalls ahoy chase tender tack bilge rat salmagundi lugger skysail. Avast ye quarter gaff lass holystone overhaul topmast skysail. Privateer gabion barque bilge rigging pillage Arr bowsprit heave down.\",\n  \"description\": \"Ye black spot cog Spanish Main black jack gabion smartly bilge water list. Execution dock yawl clap of thunder yo-ho-ho case shot poop deck loot hail-shot overhaul. Quarter no prey, no pay bowsprit piracy bucko driver crimp mizzenmast fire in the hole. Stern swing the lead smartly hogshead port jack bilge parley lugger.  Nipper brig tackle Brethren of the Coast crimp rigging lanyard cutlass fluke. Blow the man down lass rutters Sea Legs warp gun splice the main brace ho black spot. Long clothes main sheet Davy Jones' Locker yawl ballast dead men tell no tales run a rig gally bucko. Heave down piracy topgallant snow stern chantey barkadeer weigh anchor mizzenmast.Matey mizzenmast topgallant fire ship tender black jack barque splice the main brace square-rigged. Tackle dance the hempen jig Chain Shot bilge boatswain Yellow Jack league boom aye. Grog sheet code of conduct brig boom scuppers marooned scurvy run a shot across the bow. Swing the lead no prey, no pay blow the man down reef bilged on her anchor bowsprit chase guns spirits lad. Pillage me Jack Ketch bounty schooner Pieces of Eight ballast execution dock poop deck. Scourge of the seven seas spanker run a shot across the bow boatswain Yellow Jack knave case shot measured fer yer chains six pounders. Gangway topgallant keelhaul haul wind barque cog galleon lookout Chain Shot. Execution dock Yellow Jack hang the jib lass Cat o'nine tails keelhaul list galleon long clothes. Swab provost chase guns lookout coxswain Arr spike Plate Fleet cackle fruit. Gunwalls ahoy chase tender tack bilge rat salmagundi lugger skysail. Avast ye quarter gaff lass holystone overhaul topmast skysail. Privateer gabion barque bilge rigging pillage Arr bowsprit heave down.\"\n}"
				},
				"url": {
					"raw": "http://localhost:{{portNumber}}/api/authors/2902b665-1190-4c70-9915-b9c2d7680450/courses",
					"protocol": "http",
					"host": [
						"localhost"
					],
					"port": "{{portNumber}}",
					"path": [
						"api",
						"authors",
						"2902b665-1190-4c70-9915-b9c2d7680450",
						"courses"
					]
				}
			},
			"response": []
		},
		{
			"name": "PUT Course for Author",
			"request": {
				"method": "PUT",
				"header": [
					{
						"key": "Content-Type",
						"value": "application/json"
					},
					{
						"key": "Accept",
						"value": "application/json"
					}
				],
				"body": {
					"mode": "raw",
					"raw": "{\n  \"title\": \"Updated title\",\n  \"description\": \"Updated description\"\n}"
				},
				"url": {
					"raw": "http://localhost:{{portNumber}}/api/authors/d28888e9-2ba9-473a-a40f-e38cb54f9b35/courses/5b1c2b4d-48c7-402a-80c3-cc796ad49c6b",
					"protocol": "http",
					"host": [
						"localhost"
					],
					"port": "{{portNumber}}",
					"path": [
						"api",
						"authors",
						"d28888e9-2ba9-473a-a40f-e38cb54f9b35",
						"courses",
						"5b1c2b4d-48c7-402a-80c3-cc796ad49c6b"
					]
				}
			},
			"response": []
		},
		{
			"name": "PUT Course for Author (with ids)",
			"request": {
				"method": "PUT",
				"header": [
					{
						"key": "Content-Type",
						"value": "application/json"
					},
					{
						"key": "Accept",
						"value": "application/json"
					}
				],
				"body": {
					"mode": "raw",
					"raw": "{\n  \"title\": \"Updated title - Test with both ids\",\n  \"description\": \"Updated description - Test with both ids\",\n  \"id\": \"e57b605f-8b3c-4089-b672-6ce9e6d6c23f\",\n  \"authorId\": \"f74d6899-9ed2-4137-9876-66b070553f8f\"\n}"
				},
				"url": {
					"raw": "http://localhost:{{portNumber}}/api/authors/d28888e9-2ba9-473a-a40f-e38cb54f9b35/courses/5b1c2b4d-48c7-402a-80c3-cc796ad49c6b",
					"protocol": "http",
					"host": [
						"localhost"
					],
					"port": "{{portNumber}}",
					"path": [
						"api",
						"authors",
						"d28888e9-2ba9-473a-a40f-e38cb54f9b35",
						"courses",
						"5b1c2b4d-48c7-402a-80c3-cc796ad49c6b"
					]
				}
			},
			"response": []
		},
		{
			"name": "PUT Course for Author (no description)",
			"request": {
				"method": "PUT",
				"header": [
					{
						"key": "Content-Type",
						"value": "application/json"
					},
					{
						"key": "Accept",
						"value": "application/json"
					}
				],
				"body": {
					"mode": "raw",
					"raw": "{\n  \"title\": \"Updated title\"\n}"
				},
				"url": {
					"raw": "http://localhost:{{portNumber}}/api/authors/d28888e9-2ba9-473a-a40f-e38cb54f9b35/courses/5b1c2b4d-48c7-402a-80c3-cc796ad49c6b",
					"protocol": "http",
					"host": [
						"localhost"
					],
					"port": "{{portNumber}}",
					"path": [
						"api",
						"authors",
						"d28888e9-2ba9-473a-a40f-e38cb54f9b35",
						"courses",
						"5b1c2b4d-48c7-402a-80c3-cc796ad49c6b"
					]
				}
			},
			"response": []
		},
		{
			"name": "PUT Course for Author (unexisting author)",
			"request": {
				"method": "PUT",
				"header": [
					{
						"key": "Content-Type",
						"value": "application/json"
					},
					{
						"key": "Accept",
						"value": "application/json"
					}
				],
				"body": {
					"mode": "raw",
					"raw": "{\n  \"title\": \"Updated title\",\n  \"description\": \"Updated description\"\n}"
				},
				"url": {
					"raw": "http://localhost:{{portNumber}}/api/authors/b94975d9-b640-40d4-ac11-9eb2ed1c66dc/courses/5b1c2b4d-48c7-402a-80c3-cc796ad49c6b",
					"protocol": "http",
					"host": [
						"localhost"
					],
					"port": "{{portNumber}}",
					"path": [
						"api",
						"authors",
						"b94975d9-b640-40d4-ac11-9eb2ed1c66dc",
						"courses",
						"5b1c2b4d-48c7-402a-80c3-cc796ad49c6b"
					]
				}
			},
			"response": []
		},
		{
			"name": "PUT Course for Author (unexisting course)",
			"request": {
				"method": "PUT",
				"header": [
					{
						"key": "Content-Type",
						"value": "application/json"
					},
					{
						"key": "Accept",
						"value": "application/json"
					}
				],
				"body": {
					"mode": "raw",
					"raw": "{\n\t\"title\" : \"Drinking Games for Lazy Pirates\",\n\t\"description\" : \"The best drinking games for pirates that don't like to move their feet unless strictly necessary.\"\n}"
				},
				"url": {
					"raw": "http://localhost:{{portNumber}}/api/authors/d28888e9-2ba9-473a-a40f-e38cb54f9b35/courses/ea6d127c-de97-4ee5-b259-220dc314896c",
					"protocol": "http",
					"host": [
						"localhost"
					],
					"port": "{{portNumber}}",
					"path": [
						"api",
						"authors",
						"d28888e9-2ba9-473a-a40f-e38cb54f9b35",
						"courses",
						"ea6d127c-de97-4ee5-b259-220dc314896c"
					]
				}
			},
			"response": []
		},
		{
			"name": "PUT Course for Author (invalid values)",
			"request": {
				"method": "PUT",
				"header": [
					{
						"key": "Content-Type",
						"value": "application/json"
					},
					{
						"key": "Accept",
						"value": "application/json"
					}
				],
				"body": {
					"mode": "raw",
					"raw": "{\n  \"title\": null,\n  \"description\": \"Capstan gibbet poop deck smartly knave snow crow's nest tack Corsair doubloon. Dead men tell no tales Barbary Coast coxswain Arr gunwalls walk the plank tackle Gold Road yo-ho-ho lugger. Clipper lass sloop crack Jennys tea cup boatswain Pirate Round fire in the hole yard Gold Road weigh anchor. Draft measured fer yer chains boatswain fore lugsail heave down salmagundi pillage careen keel. Smartly warp run a rig grog dead men tell no tales lanyard loot bilge water coffer pink. Red ensign square-rigged ahoy gunwalls quarter knave doubloon handsomely shrouds reef sails. Belay brigantine galleon rigging nipper wherry lee parrel loaded to the gunwalls carouser. Jack Tar rope's end lee Corsair schooner barkadeer chantey rigging jack cable. No prey, no pay lee Chain Shot ye code of conduct tender Jack Tar topgallant piracy black jack. Hearties measured fer yer chains bowsprit port starboard Pieces of Eight Pirate Round pressgang black jack brig. Crimp salmagundi Brethren of the Coast poop deck coxswain quarterdeck black spot hogshead reef sails Yellow Jack. Brigantine piracy league Privateer run a shot across the bow rum lass Pirate Round Davy Jones' Locker ho. Arr yardarm walk the plank long boat hardtack gangplank bring a spring upon her cable scallywag port mizzen. Ahoy lateen sail Corsair gangplank careen warp rigging chase nipper gaff. Scallywag rutters plunder hail-shot fluke draught yo-ho-ho long clothes maroon reef sails.Capstan gibbet poop deck smartly knave snow crow's nest tack Corsair doubloon. Dead men tell no tales Barbary Coast coxswain Arr gunwalls walk the plank tackle Gold Road yo-ho-ho lugger. Clipper lass sloop crack Jennys tea cup boatswain Pirate Round fire in the hole yard Gold Road weigh anchor. Draft measured fer yer chains boatswain fore lugsail heave down salmagundi pillage careen keel. Smartly warp run a rig grog dead men tell no tales lanyard loot bilge water coffer pink. Red ensign square-rigged ahoy gunwalls quarter knave doubloon handsomely shrouds reef sails. Belay brigantine galleon rigging nipper wherry lee parrel loaded to the gunwalls carouser. Jack Tar rope's end lee Corsair schooner barkadeer chantey rigging jack cable. No prey, no pay lee Chain Shot ye code of conduct tender Jack Tar topgallant piracy black jack. Hearties measured fer yer chains bowsprit port starboard Pieces of Eight Pirate Round pressgang black jack brig. Crimp salmagundi Brethren of the Coast poop deck coxswain quarterdeck black spot hogshead reef sails Yellow Jack. Brigantine piracy league Privateer run a shot across the bow rum lass Pirate Round Davy Jones' Locker ho. Arr yardarm walk the plank long boat hardtack gangplank bring a spring upon her cable scallywag port mizzen. Ahoy lateen sail Corsair gangplank careen warp rigging chase nipper gaff. Scallywag rutters plunder hail-shot fluke draught yo-ho-ho long clothes maroon reef sails.Capstan gibbet poop deck smartly knave snow crow's nest tack Corsair doubloon. Dead men tell no tales Barbary Coast coxswain Arr gunwalls walk the plank tackle Gold Road yo-ho-ho lugger. Clipper lass sloop crack Jennys tea cup boatswain Pirate Round fire in the hole yard Gold Road weigh anchor. Draft measured fer yer chains boatswain fore lugsail heave down salmagundi pillage careen keel. Smartly warp run a rig grog dead men tell no tales lanyard loot bilge water coffer pink. Red ensign square-rigged ahoy gunwalls quarter knave doubloon handsomely shrouds reef sails. Belay brigantine galleon rigging nipper wherry lee parrel loaded to the gunwalls carouser. Jack Tar rope's end lee Corsair schooner barkadeer chantey rigging jack cable. No prey, no pay lee Chain Shot ye code of conduct tender Jack Tar topgallant piracy black jack. Hearties measured fer yer chains bowsprit port starboard Pieces of Eight Pirate Round pressgang black jack brig. Crimp salmagundi Brethren of the Coast poop deck coxswain quarterdeck black spot hogshead reef sails Yellow Jack. Brigantine piracy league Privateer run a shot across the bow rum lass Pirate Round Davy Jones' Locker ho. Arr yardarm walk the plank long boat hardtack gangplank bring a spring upon her cable scallywag port mizzen. Ahoy lateen sail Corsair gangplank careen warp rigging chase nipper gaff. Scallywag rutters plunder hail-shot fluke draught yo-ho-ho long clothes maroon reef sails. Capstan gibbet poop deck smartly knave snow crow's nest tack Corsair doubloon. Dead men tell no tales Barbary Coast coxswain Arr gunwalls walk the plank tackle Gold Road yo-ho-ho lugger. Clipper lass sloop crack Jennys tea cup boatswain Pirate Round fire in the hole yard Gold Road weigh anchor. Draft measured fer yer chains boatswain fore lugsail heave down salmagundi pillage careen keel. Smartly warp run a rig grog dead men tell no tales lanyard loot bilge water coffer pink. Red ensign square-rigged ahoy gunwalls quarter knave doubloon handsomely shrouds reef sails. Belay brigantine galleon rigging nipper wherry lee parrel loaded to the gunwalls carouser. Jack Tar rope's end lee Corsair schooner barkadeer chantey rigging jack cable. No prey, no pay lee Chain Shot ye code of conduct tender Jack Tar topgallant piracy black jack. Hearties measured fer yer chains bowsprit port starboard Pieces of Eight Pirate Round pressgang black jack brig. Crimp salmagundi Brethren of the Coast poop deck coxswain quarterdeck black spot hogshead reef sails Yellow Jack. Brigantine piracy league Privateer run a shot across the bow rum lass Pirate Round Davy Jones' Locker ho. Arr yardarm walk the plank long boat hardtack gangplank bring a spring upon her cable scallywag port mizzen. Ahoy lateen sail Corsair gangplank careen warp rigging chase nipper gaff. Scallywag rutters plunder hail-shot fluke draught yo-ho-ho long clothes maroon reef sails.Capstan gibbet poop deck smartly knave snow crow's nest tack Corsair doubloon. Dead men tell no tales Barbary Coast coxswain Arr gunwalls walk the plank tackle Gold Road yo-ho-ho lugger. Clipper lass sloop crack Jennys tea cup boatswain Pirate Round fire in the hole yard Gold Road weigh anchor. Draft measured fer yer chains boatswain fore lugsail heave down salmagundi pillage careen keel. Smartly warp run a rig grog dead men tell no tales lanyard loot bilge water coffer pink. Red ensign square-rigged ahoy gunwalls quarter knave doubloon handsomely shrouds reef sails. Belay brigantine galleon rigging nipper wherry lee parrel loaded to the gunwalls carouser. Jack Tar rope's end lee Corsair schooner barkadeer chantey rigging jack cable. No prey, no pay lee Chain Shot ye code of conduct tender Jack Tar topgallant piracy black jack. Hearties measured fer yer chains bowsprit port starboard Pieces of Eight Pirate Round pressgang black jack brig. Crimp salmagundi Brethren of the Coast poop deck coxswain quarterdeck black spot hogshead reef sails Yellow Jack. Brigantine piracy league Privateer run a shot across the bow rum lass Pirate Round Davy Jones' Locker ho. Arr yardarm walk the plank long boat hardtack gangplank bring a spring upon her cable scallywag port mizzen. Ahoy lateen sail Corsair gangplank careen warp rigging chase nipper gaff. Scallywag rutters plunder hail-shot fluke draught yo-ho-ho long clothes maroon reef sails.Capstan gibbet poop deck smartly knave snow crow's nest tack Corsair doubloon. Dead men tell no tales Barbary Coast coxswain Arr gunwalls walk the plank tackle Gold Road yo-ho-ho lugger. Clipper lass sloop crack Jennys tea cup boatswain Pirate Round fire in the hole yard Gold Road weigh anchor. Draft measured fer yer chains boatswain fore lugsail heave down salmagundi pillage careen keel. Smartly warp run a rig grog dead men tell no tales lanyard loot bilge water coffer pink. Red ensign square-rigged ahoy gunwalls quarter knave doubloon handsomely shrouds reef sails. Belay brigantine galleon rigging nipper wherry lee parrel loaded to the gunwalls carouser. Jack Tar rope's end lee Corsair schooner barkadeer chantey rigging jack cable. No prey, no pay lee Chain Shot ye code of conduct tender Jack Tar topgallant piracy black jack. Hearties measured fer yer chains bowsprit port starboard Pieces of Eight Pirate Round pressgang black jack brig. Crimp salmagundi Brethren of the Coast poop deck coxswain quarterdeck black spot hogshead reef sails Yellow Jack. Brigantine piracy league Privateer run a shot across the bow rum lass Pirate Round Davy Jones' Locker ho. Arr yardarm walk the plank long boat hardtack gangplank bring a spring upon her cable scallywag port mizzen. Ahoy lateen sail Corsair gangplank careen warp rigging chase nipper gaff. Scallywag rutters plunder hail-shot fluke draught yo-ho-ho long clothes maroon reef sails. Capstan gibbet poop deck smartly knave snow crow's nest tack Corsair doubloon. Dead men tell no tales Barbary Coast coxswain Arr gunwalls walk the plank tackle Gold Road yo-ho-ho lugger. Clipper lass sloop crack Jennys tea cup boatswain Pirate Round fire in the hole yard Gold Road weigh anchor. Draft measured fer yer chains boatswain fore lugsail heave down salmagundi pillage careen keel. Smartly warp run a rig grog dead men tell no tales lanyard loot bilge water coffer pink. Red ensign square-rigged ahoy gunwalls quarter knave doubloon handsomely shrouds reef sails. Belay brigantine galleon rigging nipper wherry lee parrel loaded to the gunwalls carouser. Jack Tar rope's end lee Corsair schooner barkadeer chantey rigging jack cable. No prey, no pay lee Chain Shot ye code of conduct tender Jack Tar topgallant piracy black jack. Hearties measured fer yer chains bowsprit port starboard Pieces of Eight Pirate Round pressgang black jack brig. Crimp salmagundi Brethren of the Coast poop deck coxswain quarterdeck black spot hogshead reef sails Yellow Jack. Brigantine piracy league Privateer run a shot across the bow rum lass Pirate Round Davy Jones' Locker ho. Arr yardarm walk the plank long boat hardtack gangplank bring a spring upon her cable scallywag port mizzen. Ahoy lateen sail Corsair gangplank careen warp rigging chase nipper gaff. Scallywag rutters plunder hail-shot fluke draught yo-ho-ho long clothes maroon reef sails.Capstan gibbet poop deck smartly knave snow crow's nest tack Corsair doubloon. Dead men tell no tales Barbary Coast coxswain Arr gunwalls walk the plank tackle Gold Road yo-ho-ho lugger. Clipper lass sloop crack Jennys tea cup boatswain Pirate Round fire in the hole yard Gold Road weigh anchor. Draft measured fer yer chains boatswain fore lugsail heave down salmagundi pillage careen keel. Smartly warp run a rig grog dead men tell no tales lanyard loot bilge water coffer pink. Red ensign square-rigged ahoy gunwalls quarter knave doubloon handsomely shrouds reef sails. Belay brigantine galleon rigging nipper wherry lee parrel loaded to the gunwalls carouser. Jack Tar rope's end lee Corsair schooner barkadeer chantey rigging jack cable. No prey, no pay lee Chain Shot ye code of conduct tender Jack Tar topgallant piracy black jack. Hearties measured fer yer chains bowsprit port starboard Pieces of Eight Pirate Round pressgang black jack brig. Crimp salmagundi Brethren of the Coast poop deck coxswain quarterdeck black spot hogshead reef sails Yellow Jack. Brigantine piracy league Privateer run a shot across the bow rum lass Pirate Round Davy Jones' Locker ho. Arr yardarm walk the plank long boat hardtack gangplank bring a spring upon her cable scallywag port mizzen. Ahoy lateen sail Corsair gangplank careen warp rigging chase nipper gaff. Scallywag rutters plunder hail-shot fluke draught yo-ho-ho long clothes maroon reef sails.Capstan gibbet poop deck smartly knave snow crow's nest tack Corsair doubloon. Dead men tell no tales Barbary Coast coxswain Arr gunwalls walk the plank tackle Gold Road yo-ho-ho lugger. Clipper lass sloop crack Jennys tea cup boatswain Pirate Round fire in the hole yard Gold Road weigh anchor. Draft measured fer yer chains boatswain fore lugsail heave down salmagundi pillage careen keel. Smartly warp run a rig grog dead men tell no tales lanyard loot bilge water coffer pink. Red ensign square-rigged ahoy gunwalls quarter knave doubloon handsomely shrouds reef sails. Belay brigantine galleon rigging nipper wherry lee parrel loaded to the gunwalls carouser. Jack Tar rope's end lee Corsair schooner barkadeer chantey rigging jack cable. No prey, no pay lee Chain Shot ye code of conduct tender Jack Tar topgallant piracy black jack. Hearties measured fer yer chains bowsprit port starboard Pieces of Eight Pirate Round pressgang black jack brig. Crimp salmagundi Brethren of the Coast poop deck coxswain quarterdeck black spot hogshead reef sails Yellow Jack. Brigantine piracy league Privateer run a shot across the bow rum lass Pirate Round Davy Jones' Locker ho. Arr yardarm walk the plank long boat hardtack gangplank bring a spring upon her cable scallywag port mizzen. Ahoy lateen sail Corsair gangplank careen warp rigging chase nipper gaff. Scallywag rutters plunder hail-shot fluke draught yo-ho-ho long clothes maroon reef sails.\"\n}"
				},
				"url": {
					"raw": "http://localhost:{{portNumber}}/api/authors/d28888e9-2ba9-473a-a40f-e38cb54f9b35/courses/5b1c2b4d-48c7-402a-80c3-cc796ad49c6b",
					"protocol": "http",
					"host": [
						"localhost"
					],
					"port": "{{portNumber}}",
					"path": [
						"api",
						"authors",
						"d28888e9-2ba9-473a-a40f-e38cb54f9b35",
						"courses",
						"5b1c2b4d-48c7-402a-80c3-cc796ad49c6b"
					]
				}
			},
			"response": []
		},
		{
			"name": "PUT Course for Author (null description)",
			"request": {
				"method": "PUT",
				"header": [
					{
						"key": "Content-Type",
						"value": "application/json"
					},
					{
						"key": "Accept",
						"value": "application/json"
					}
				],
				"body": {
					"mode": "raw",
					"raw": "{\n  \"title\": \"Updated title\",\n  \"description\": null\n}"
				},
				"url": {
					"raw": "http://localhost:{{portNumber}}/api/authors/d28888e9-2ba9-473a-a40f-e38cb54f9b35/courses/5b1c2b4d-48c7-402a-80c3-cc796ad49c6b",
					"protocol": "http",
					"host": [
						"localhost"
					],
					"port": "{{portNumber}}",
					"path": [
						"api",
						"authors",
						"d28888e9-2ba9-473a-a40f-e38cb54f9b35",
						"courses",
						"5b1c2b4d-48c7-402a-80c3-cc796ad49c6b"
					]
				}
			},
			"response": []
		},
		{
			"name": "PUT Course for Author (title == description)",
			"request": {
				"method": "PUT",
				"header": [
					{
						"key": "Content-Type",
						"value": "application/json"
					},
					{
						"key": "Accept",
						"value": "application/json"
					}
				],
				"body": {
					"mode": "raw",
					"raw": "{\n  \"title\" : \"Same value\",\n  \"description\" : \"Same value\"\n}"
				},
				"url": {
					"raw": "http://localhost:{{portNumber}}/api/authors/d28888e9-2ba9-473a-a40f-e38cb54f9b35/courses/5b1c2b4d-48c7-402a-80c3-cc796ad49c6b",
					"protocol": "http",
					"host": [
						"localhost"
					],
					"port": "{{portNumber}}",
					"path": [
						"api",
						"authors",
						"d28888e9-2ba9-473a-a40f-e38cb54f9b35",
						"courses",
						"5b1c2b4d-48c7-402a-80c3-cc796ad49c6b"
					]
				}
			},
			"response": []
		},
		{
			"name": "PUT Course for Author (null title == null description)",
			"request": {
				"method": "PUT",
				"header": [
					{
						"key": "Content-Type",
						"value": "application/json"
					},
					{
						"key": "Accept",
						"value": "application/json"
					}
				],
				"body": {
					"mode": "raw",
					"raw": "{\n  \"title\" : null,\n  \"description\" : null\n}"
				},
				"url": {
					"raw": "http://localhost:{{portNumber}}/api/authors/d28888e9-2ba9-473a-a40f-e38cb54f9b35/courses/5b1c2b4d-48c7-402a-80c3-cc796ad49c6b",
					"protocol": "http",
					"host": [
						"localhost"
					],
					"port": "{{portNumber}}",
					"path": [
						"api",
						"authors",
						"d28888e9-2ba9-473a-a40f-e38cb54f9b35",
						"courses",
						"5b1c2b4d-48c7-402a-80c3-cc796ad49c6b"
					]
				}
			},
			"response": []
		},
		{
			"name": "PATCH Course for Author",
			"request": {
				"method": "PATCH",
				"header": [
					{
						"key": "Content-Type",
						"value": "application/json-patch+json"
					},
					{
						"key": "Accept",
						"value": "application/json"
					}
				],
				"body": {
					"mode": "raw",
					"raw": "[\n    {\n      \"op\": \"replace\",\n      \"path\": \"/title\",\n      \"value\": \"Updated title\"\n    }\n]"
				},
				"url": {
					"raw": "http://localhost:{{portNumber}}/api/authors/d28888e9-2ba9-473a-a40f-e38cb54f9b35/courses/5b1c2b4d-48c7-402a-80c3-cc796ad49c6b",
					"protocol": "http",
					"host": [
						"localhost"
					],
					"port": "{{portNumber}}",
					"path": [
						"api",
						"authors",
						"d28888e9-2ba9-473a-a40f-e38cb54f9b35",
						"courses",
						"5b1c2b4d-48c7-402a-80c3-cc796ad49c6b"
					]
				}
			},
			"response": []
		},
		{
			"name": "PATCH Course for Author (multiple)",
			"request": {
				"method": "PATCH",
				"header": [
					{
						"key": "Content-Type",
						"value": "application/json-patch+json"
					},
					{
						"key": "Accept",
						"value": "application/json"
					}
				],
				"body": {
					"mode": "raw",
					"raw": "[\n    {\n      \"op\": \"replace\",\n      \"path\": \"/title\",\n      \"value\": \"Another updated title\"\n    },\n    {\n      \"op\": \"replace\",\n      \"path\": \"/description\",\n      \"value\": \"Updated description\"\n    }\n]"
				},
				"url": {
					"raw": "http://localhost:{{portNumber}}/api/authors/d28888e9-2ba9-473a-a40f-e38cb54f9b35/courses/5b1c2b4d-48c7-402a-80c3-cc796ad49c6b",
					"protocol": "http",
					"host": [
						"localhost"
					],
					"port": "{{portNumber}}",
					"path": [
						"api",
						"authors",
						"d28888e9-2ba9-473a-a40f-e38cb54f9b35",
						"courses",
						"5b1c2b4d-48c7-402a-80c3-cc796ad49c6b"
					]
				}
			},
			"response": []
		},
		{
			"name": "PATCH Course for Author (remove)",
			"request": {
				"method": "PATCH",
				"header": [
					{
						"key": "Content-Type",
						"value": "application/json-patch+json"
					},
					{
						"key": "Accept",
						"value": "application/json"
					}
				],
				"body": {
					"mode": "raw",
					"raw": "[\n    {\n      \"op\": \"remove\",\n      \"path\": \"/description\"\n    }\n]"
				},
				"url": {
					"raw": "http://localhost:{{portNumber}}/api/authors/d28888e9-2ba9-473a-a40f-e38cb54f9b35/courses/5b1c2b4d-48c7-402a-80c3-cc796ad49c6b",
					"protocol": "http",
					"host": [
						"localhost"
					],
					"port": "{{portNumber}}",
					"path": [
						"api",
						"authors",
						"d28888e9-2ba9-473a-a40f-e38cb54f9b35",
						"courses",
						"5b1c2b4d-48c7-402a-80c3-cc796ad49c6b"
					]
				}
			},
			"response": []
		},
		{
			"name": "PATCH Course for Author (copy and add)",
			"request": {
				"method": "PATCH",
				"header": [
					{
						"key": "Content-Type",
						"value": "application/json-patch+json"
					},
					{
						"key": "Accept",
						"value": "application/json"
					}
				],
				"body": {
					"mode": "raw",
					"raw": "[\n    {\n      \"op\": \"add\",\n      \"path\": \"/description\",\n      \"value\": \"New description\"\n    },\n    {\n      \"op\": \"copy\",\n      \"from\": \"/description\",\n      \"path\": \"/title\"\n    }\n]"
				},
				"url": {
					"raw": "http://localhost:{{portNumber}}/api/authors/d28888e9-2ba9-473a-a40f-e38cb54f9b35/courses/5b1c2b4d-48c7-402a-80c3-cc796ad49c6b",
					"protocol": "http",
					"host": [
						"localhost"
					],
					"port": "{{portNumber}}",
					"path": [
						"api",
						"authors",
						"d28888e9-2ba9-473a-a40f-e38cb54f9b35",
						"courses",
						"5b1c2b4d-48c7-402a-80c3-cc796ad49c6b"
					]
				}
			},
			"response": []
		},
		{
			"name": "PATCH Course for Author (unexisting author)",
			"request": {
				"method": "PATCH",
				"header": [
					{
						"key": "Content-Type",
						"value": "application/json-patch+json"
					},
					{
						"key": "Accept",
						"value": "application/json"
					}
				],
				"body": {
					"mode": "raw",
					"raw": "[\n    {\n      \"op\": \"replace\",\n      \"path\": \"/title\",\n      \"value\": \"Updated title\"\n    }\n]"
				},
				"url": {
					"raw": "http://localhost:{{portNumber}}/api/authors/b94975d9-b640-40d4-ac11-9eb2ed1c66dc/courses/5b1c2b4d-48c7-402a-80c3-cc796ad49c6b",
					"protocol": "http",
					"host": [
						"localhost"
					],
					"port": "{{portNumber}}",
					"path": [
						"api",
						"authors",
						"b94975d9-b640-40d4-ac11-9eb2ed1c66dc",
						"courses",
						"5b1c2b4d-48c7-402a-80c3-cc796ad49c6b"
					]
				}
			},
			"response": []
		},
		{
			"name": "PATCH Course for Author (unexisting course)",
			"request": {
				"method": "PATCH",
				"header": [
					{
						"key": "Content-Type",
						"value": "application/json-patch+json"
					},
					{
						"key": "Accept",
						"value": "application/json"
					}
				],
				"body": {
					"mode": "raw",
					"raw": "[\n    {\n      \"op\": \"replace\",\n      \"path\": \"/title\",\n      \"value\": \"Updated title\"\n    },\n    {\n      \"op\": \"replace\",\n      \"path\": \"/description\",\n      \"value\": \"Updated description\"\n    }\n]"
				},
				"url": {
					"raw": "http://localhost:{{portNumber}}/api/authors/d28888e9-2ba9-473a-a40f-e38cb54f9b35/courses/ea6d127c-de97-4ee5-b259-220dc314896c",
					"protocol": "http",
					"host": [
						"localhost"
					],
					"port": "{{portNumber}}",
					"path": [
						"api",
						"authors",
						"d28888e9-2ba9-473a-a40f-e38cb54f9b35",
						"courses",
						"ea6d127c-de97-4ee5-b259-220dc314896c"
					]
				}
			},
			"response": []
		},
		{
			"name": "PATCH Course for Author (remove description)",
			"request": {
				"method": "PATCH",
				"header": [
					{
						"key": "Content-Type",
						"value": "application/json-patch+json"
					},
					{
						"key": "Accept",
						"value": "application/json"
					}
				],
				"body": {
					"mode": "raw",
					"raw": "[\n    {\n      \"op\": \"remove\",\n      \"path\": \"/description\"\n    }\n]"
				},
				"url": {
					"raw": "http://localhost:{{portNumber}}/api/authors/d28888e9-2ba9-473a-a40f-e38cb54f9b35/courses/5b1c2b4d-48c7-402a-80c3-cc796ad49c6b",
					"protocol": "http",
					"host": [
						"localhost"
					],
					"port": "{{portNumber}}",
					"path": [
						"api",
						"authors",
						"d28888e9-2ba9-473a-a40f-e38cb54f9b35",
						"courses",
						"5b1c2b4d-48c7-402a-80c3-cc796ad49c6b"
					]
				}
			},
			"response": []
		},
		{
			"name": "PATCH Course for Author (remove unexisting property)",
			"request": {
				"method": "PATCH",
				"header": [
					{
						"key": "Content-Type",
						"value": "application/json-patch+json"
					},
					{
						"key": "Accept",
						"value": "application/json"
					}
				],
				"body": {
					"mode": "raw",
					"raw": "[\n    {\n      \"op\": \"remove\",\n      \"path\": \"/thisdoesnotexist\"\n    }\n]"
				},
				"url": {
					"raw": "http://localhost:{{portNumber}}/api/authors/d28888e9-2ba9-473a-a40f-e38cb54f9b35/courses/5b1c2b4d-48c7-402a-80c3-cc796ad49c6b",
					"protocol": "http",
					"host": [
						"localhost"
					],
					"port": "{{portNumber}}",
					"path": [
						"api",
						"authors",
						"d28888e9-2ba9-473a-a40f-e38cb54f9b35",
						"courses",
						"5b1c2b4d-48c7-402a-80c3-cc796ad49c6b"
					]
				}
			},
			"response": []
		},
		{
			"name": "PATCH Course for Author (UPSERT - no title)",
			"request": {
				"method": "PATCH",
				"header": [
					{
						"key": "Content-Type",
						"value": "application/json-patch+json"
					},
					{
						"key": "Accept",
						"value": "application/json"
					}
				],
				"body": {
					"mode": "raw",
					"raw": "[\n    {\n      \"op\": \"replace\",\n      \"path\": \"/description\",\n      \"value\": \"Updated description\"\n    }\n]"
				},
				"url": {
					"raw": "http://localhost:{{portNumber}}/api/authors/d28888e9-2ba9-473a-a40f-e38cb54f9b35/courses/75bf303e-6dc4-4b00-81fd-f896a6379f5f",
					"protocol": "http",
					"host": [
						"localhost"
					],
					"port": "{{portNumber}}",
					"path": [
						"api",
						"authors",
						"d28888e9-2ba9-473a-a40f-e38cb54f9b35",
						"courses",
						"75bf303e-6dc4-4b00-81fd-f896a6379f5f"
					]
				}
			},
			"response": []
		},
		{
			"name": "PATCH Course for Author (UPSERT - remove unexisting property)",
			"request": {
				"method": "PATCH",
				"header": [
					{
						"key": "Content-Type",
						"value": "application/json-patch+json"
					},
					{
						"key": "Accept",
						"value": "application/json"
					}
				],
				"body": {
					"mode": "raw",
					"raw": "[\n    {\n      \"op\": \"add\",\n      \"path\": \"/thisdoesnotexist\",\n      \"value\": \"new value\"\n    }\n]"
				},
				"url": {
					"raw": "http://localhost:{{portNumber}}/api/authors/d28888e9-2ba9-473a-a40f-e38cb54f9b35/courses/75bf303e-6dc4-4b00-81fd-f896a6379f5f",
					"protocol": "http",
					"host": [
						"localhost"
					],
					"port": "{{portNumber}}",
					"path": [
						"api",
						"authors",
						"d28888e9-2ba9-473a-a40f-e38cb54f9b35",
						"courses",
						"75bf303e-6dc4-4b00-81fd-f896a6379f5f"
					]
				}
			},
			"response": []
		},
		{
			"name": "DELETE Course for Author",
			"request": {
				"method": "DELETE",
				"header": [],
				"body": {
					"mode": "formdata",
					"formdata": []
				},
				"url": {
					"raw": "http://localhost:{{portNumber}}/api/authors/d28888e9-2ba9-473a-a40f-e38cb54f9b35/courses/d8663e5e-7494-4f81-8739-6e0de1bea7ee",
					"protocol": "http",
					"host": [
						"localhost"
					],
					"port": "{{portNumber}}",
					"path": [
						"api",
						"authors",
						"d28888e9-2ba9-473a-a40f-e38cb54f9b35",
						"courses",
						"d8663e5e-7494-4f81-8739-6e0de1bea7ee"
					]
				}
			},
			"response": []
		},
		{
			"name": "DELETE Course for Author (unexisting Author)",
			"request": {
				"method": "DELETE",
				"header": [],
				"body": {
					"mode": "formdata",
					"formdata": []
				},
				"url": {
					"raw": "http://localhost:{{portNumber}}/api/authors/787f6625-6048-43d7-b64e-bf3d02f0132d/courses/70a1f9b9-0a37-4c1a-99b1-c7709fc64167",
					"protocol": "http",
					"host": [
						"localhost"
					],
					"port": "{{portNumber}}",
					"path": [
						"api",
						"authors",
						"787f6625-6048-43d7-b64e-bf3d02f0132d",
						"courses",
						"70a1f9b9-0a37-4c1a-99b1-c7709fc64167"
					]
				}
			},
			"response": []
		},
		{
			"name": "DELETE Course for Author (unexisting Course)",
			"request": {
				"method": "DELETE",
				"header": [],
				"body": {
					"mode": "formdata",
					"formdata": []
				},
				"url": {
					"raw": "http://localhost:{{portNumber}}/api/authors/d28888e9-2ba9-473a-a40f-e38cb54f9b35/courses/3f946dbe-edf3-4c44-baef-b683bc355a0f",
					"protocol": "http",
					"host": [
						"localhost"
					],
					"port": "{{portNumber}}",
					"path": [
						"api",
						"authors",
						"d28888e9-2ba9-473a-a40f-e38cb54f9b35",
						"courses",
						"3f946dbe-edf3-4c44-baef-b683bc355a0f"
					]
				}
			},
			"response": []
		},
		{
			"name": "GET Filtered Authors",
			"request": {
				"method": "GET",
				"header": [],
				"url": {
					"raw": "http://localhost:{{portNumber}}/api/authors?mainCategory=Singing",
					"protocol": "http",
					"host": [
						"localhost"
					],
					"port": "{{portNumber}}",
					"path": [
						"api",
						"authors"
					],
					"query": [
						{
							"key": "mainCategory",
							"value": "Singing"
						}
					]
				}
			},
			"response": []
		},
		{
			"name": "GET Searched Authors",
			"request": {
				"method": "GET",
				"header": [],
				"url": {
					"raw": "http://localhost:{{portNumber}}/api/authors?searchQuery=pirate",
					"protocol": "http",
					"host": [
						"localhost"
					],
					"port": "{{portNumber}}",
					"path": [
						"api",
						"authors"
					],
					"query": [
						{
							"key": "searchQuery",
							"value": "pirate"
						}
					]
				}
			},
			"response": []
		},
		{
			"name": "GET Filtered and Searched Authors",
			"request": {
				"method": "GET",
				"header": [],
				"url": {
					"raw": "http://localhost:{{portNumber}}/api/authors?mainCategory=Singing&searchQuery=a",
					"protocol": "http",
					"host": [
						"localhost"
					],
					"port": "{{portNumber}}",
					"path": [
						"api",
						"authors"
					],
					"query": [
						{
							"key": "mainCategory",
							"value": "Singing"
						},
						{
							"key": "searchQuery",
							"value": "a"
						}
					]
				}
			},
			"response": []
		},
		{
			"name": "GET Authors (pageNumber = 1, pageSize = 5)",
			"request": {
				"method": "GET",
				"header": [
					{
						"key": "Accept",
						"value": "application/json"
					}
				],
				"url": {
					"raw": "http://localhost:{{portNumber}}/api/authors?pageNumber=1&pageSize=5",
					"protocol": "http",
					"host": [
						"localhost"
					],
					"port": "{{portNumber}}",
					"path": [
						"api",
						"authors"
					],
					"query": [
						{
							"key": "pageNumber",
							"value": "1"
						},
						{
							"key": "pageSize",
							"value": "5"
						}
					]
				}
			},
			"response": []
		},
		{
			"name": "GET Authors (pageNumber = 1, pageSize = 100)",
			"request": {
				"method": "GET",
				"header": [
					{
						"key": "Accept",
						"value": "application/json"
					}
				],
				"url": {
					"raw": "http://localhost:{{portNumber}}/api/authors?pageNumber=1&pageSize=100",
					"protocol": "http",
					"host": [
						"localhost"
					],
					"port": "{{portNumber}}",
					"path": [
						"api",
						"authors"
					],
					"query": [
						{
							"key": "pageNumber",
							"value": "1"
						},
						{
							"key": "pageSize",
							"value": "100"
						}
					]
				}
			},
			"response": []
		},
		{
			"name": "GET Authors (pageNumber = 2, pageSize = 5)",
			"request": {
				"method": "GET",
				"header": [
					{
						"key": "Accept",
						"value": "application/json"
					}
				],
				"url": {
					"raw": "http://localhost:{{portNumber}}/api/authors?pageNumber=2&pageSize=5",
					"protocol": "http",
					"host": [
						"localhost"
					],
					"port": "{{portNumber}}",
					"path": [
						"api",
						"authors"
					],
					"query": [
						{
							"key": "pageNumber",
							"value": "2"
						},
						{
							"key": "pageSize",
							"value": "5"
						}
					]
				}
			},
			"response": []
		},
		{
			"name": "GET Authors (orderBy = name)",
			"request": {
				"method": "GET",
				"header": [
					{
						"key": "Accept",
						"value": "application/json"
					}
				],
				"url": {
					"raw": "http://localhost:{{portNumber}}/api/authors?orderBy=name",
					"protocol": "http",
					"host": [
						"localhost"
					],
					"port": "{{portNumber}}",
					"path": [
						"api",
						"authors"
					],
					"query": [
						{
							"key": "orderBy",
							"value": "name"
						}
					]
				}
			},
			"response": []
		},
		{
			"name": "GET Authors (orderBy = name desc)",
			"request": {
				"method": "GET",
				"header": [
					{
						"key": "Accept",
						"value": "application/json"
					}
				],
				"url": {
					"raw": "http://localhost:{{portNumber}}/api/authors?orderBy=name desc",
					"protocol": "http",
					"host": [
						"localhost"
					],
					"port": "{{portNumber}}",
					"path": [
						"api",
						"authors"
					],
					"query": [
						{
							"key": "orderBy",
							"value": "name desc"
						}
					]
				}
			},
			"response": []
		},
		{
			"name": "GET Authors (orderBy = name desc, pageNumber = 2, pageSize = 10)",
			"request": {
				"method": "GET",
				"header": [
					{
						"key": "Accept",
						"value": "application/json"
					}
				],
				"url": {
					"raw": "http://localhost:{{portNumber}}/api/authors?orderBy=name desc&pageNumber=2&pageSize=5",
					"protocol": "http",
					"host": [
						"localhost"
					],
					"port": "{{portNumber}}",
					"path": [
						"api",
						"authors"
					],
					"query": [
						{
							"key": "orderBy",
							"value": "name desc"
						},
						{
							"key": "pageNumber",
							"value": "2"
						},
						{
							"key": "pageSize",
							"value": "5"
						}
					]
				}
			},
			"response": []
		},
		{
			"name": "GET Authors (orderBy = mainCategory)",
			"request": {
				"method": "GET",
				"header": [
					{
						"key": "Accept",
						"value": "application/json"
					}
				],
				"url": {
					"raw": "http://localhost:{{portNumber}}/api/authors?orderBy=mainCategory",
					"protocol": "http",
					"host": [
						"localhost"
					],
					"port": "{{portNumber}}",
					"path": [
						"api",
						"authors"
					],
					"query": [
						{
							"key": "orderBy",
							"value": "mainCategory"
						}
					]
				}
			},
			"response": []
		},
		{
			"name": "GET Authors (orderBy = mainCategory desc)",
			"request": {
				"method": "GET",
				"header": [
					{
						"key": "Accept",
						"value": "application/json"
					}
				],
				"url": {
					"raw": "http://localhost:{{portNumber}}/api/authors?orderBy=maincategory desc",
					"protocol": "http",
					"host": [
						"localhost"
					],
					"port": "{{portNumber}}",
					"path": [
						"api",
						"authors"
					],
					"query": [
						{
							"key": "orderBy",
							"value": "maincategory desc"
						}
					]
				}
			},
			"response": []
		},
		{
			"name": "GET Authors (orderBy = dateofbirth) (should fail)",
			"request": {
				"method": "GET",
				"header": [
					{
						"key": "Accept",
						"value": "application/json"
					}
				],
				"url": {
					"raw": "http://localhost:{{portNumber}}/api/authors?orderBy=dateofbirth",
					"protocol": "http",
					"host": [
						"localhost"
					],
					"port": "{{portNumber}}",
					"path": [
						"api",
						"authors"
					],
					"query": [
						{
							"key": "orderBy",
							"value": "dateofbirth"
						}
					]
				}
			},
			"response": []
		},
		{
			"name": "GET Authors (orderBy = name, searchQuery = a, mainCategory = Rum, pageNumber = 1, pageSize = 2)",
			"request": {
				"method": "GET",
				"header": [
					{
						"key": "Accept",
						"value": "application/json"
					}
				],
				"url": {
					"raw": "http://localhost:{{portNumber}}/api/authors?orderBy=name&pageNumber=1&pageSize=2&searchQuery=a&mainCategory=rum",
					"protocol": "http",
					"host": [
						"localhost"
					],
					"port": "{{portNumber}}",
					"path": [
						"api",
						"authors"
					],
					"query": [
						{
							"key": "orderBy",
							"value": "name"
						},
						{
							"key": "pageNumber",
							"value": "1"
						},
						{
							"key": "pageSize",
							"value": "2"
						},
						{
							"key": "searchQuery",
							"value": "a"
						},
						{
							"key": "mainCategory",
							"value": "rum"
						}
					]
				}
			},
			"response": []
		},
		{
			"name": "GET Authors (orderBy = age, mainCategory desc)",
			"request": {
				"method": "GET",
				"header": [
					{
						"key": "Accept",
						"value": "application/json"
					}
				],
				"url": {
					"raw": "http://localhost:{{portNumber}}/api/authors?orderBy=age, mainCategory desc",
					"protocol": "http",
					"host": [
						"localhost"
					],
					"port": "{{portNumber}}",
					"path": [
						"api",
						"authors"
					],
					"query": [
						{
							"key": "orderBy",
							"value": "age, mainCategory desc"
						}
					]
				}
			},
			"response": []
		},
		{
			"name": "GET Authors (fields = id)",
			"request": {
				"method": "GET",
				"header": [
					{
						"key": "Accept",
						"value": "application/json"
					}
				],
				"url": {
					"raw": "http://localhost:{{portNumber}}/api/authors?fields=id",
					"protocol": "http",
					"host": [
						"localhost"
					],
					"port": "{{portNumber}}",
					"path": [
						"api",
						"authors"
					],
					"query": [
						{
							"key": "fields",
							"value": "id"
						}
					]
				}
			},
			"response": []
		},
		{
			"name": "GET Authors (fields = id, name)",
			"request": {
				"method": "GET",
				"header": [
					{
						"key": "Accept",
						"value": "application/json"
					}
				],
				"url": {
					"raw": "http://localhost:{{portNumber}}/api/authors?fields=id,name",
					"protocol": "http",
					"host": [
						"localhost"
					],
					"port": "{{portNumber}}",
					"path": [
						"api",
						"authors"
					],
					"query": [
						{
							"key": "fields",
							"value": "id,name"
						}
					]
				}
			},
			"response": []
		},
		{
			"name": "GET Author (fields = id, name)",
			"request": {
				"method": "GET",
				"header": [
					{
						"key": "Accept",
						"value": "application/json"
					}
				],
				"url": {
					"raw": "http://localhost:{{portNumber}}/api/authors/d28888e9-2ba9-473a-a40f-e38cb54f9b35?fields=id,name",
					"protocol": "http",
					"host": [
						"localhost"
					],
					"port": "{{portNumber}}",
					"path": [
						"api",
						"authors",
						"d28888e9-2ba9-473a-a40f-e38cb54f9b35"
					],
					"query": [
						{
							"key": "fields",
							"value": "id,name"
						}
					]
				}
			},
			"response": []
		},
		{
			"name": "GET Author (fields = FirstName) (should fail)",
			"request": {
				"method": "GET",
				"header": [
					{
						"key": "Accept",
						"value": "application/json"
					}
				],
				"url": {
					"raw": "http://localhost:{{portNumber}}/api/authors/d28888e9-2ba9-473a-a40f-e38cb54f9b35?fields=FirstName",
					"protocol": "http",
					"host": [
						"localhost"
					],
					"port": "{{portNumber}}",
					"path": [
						"api",
						"authors",
						"d28888e9-2ba9-473a-a40f-e38cb54f9b35"
					],
					"query": [
						{
							"key": "fields",
							"value": "FirstName"
						}
					]
				}
			},
			"response": []
		},
		{
			"name": "GET Authors (fields = FirstName) (should fail)",
			"request": {
				"method": "GET",
				"header": [
					{
						"key": "Accept",
						"value": "application/json"
					}
				],
				"url": {
					"raw": "http://localhost:{{portNumber}}/api/authors?fields=FirstName",
					"protocol": "http",
					"host": [
						"localhost"
					],
					"port": "{{portNumber}}",
					"path": [
						"api",
						"authors"
					],
					"query": [
						{
							"key": "fields",
							"value": "FirstName"
						}
					]
				}
			},
			"response": []
		},
		{
			"name": "GET Authors (orderBy = name, searchQuery = a, mainCategory = Rum, pageNumber = 1, pageSize = 2, fields = id, name)",
			"request": {
				"method": "GET",
				"header": [
					{
						"key": "Accept",
						"value": "application/json"
					}
				],
				"url": {
					"raw": "http://localhost:{{portNumber}}/api/authors?orderBy=name&searchQuery=a&mainCategory=Rum&pageNumber=1&pageSize=2&fields=id,name",
					"protocol": "http",
					"host": [
						"localhost"
					],
					"port": "{{portNumber}}",
					"path": [
						"api",
						"authors"
					],
					"query": [
						{
							"key": "orderBy",
							"value": "name"
						},
						{
							"key": "searchQuery",
							"value": "a"
						},
						{
							"key": "mainCategory",
							"value": "Rum"
						},
						{
							"key": "pageNumber",
							"value": "1"
						},
						{
							"key": "pageSize",
							"value": "2"
						},
						{
							"key": "fields",
							"value": "id,name"
						}
					]
				}
			},
			"response": []
		},
		{
			"name": "GET Root",
			"request": {
				"method": "GET",
				"header": [
					{
						"key": "Accept",
						"value": "application/json"
					}
				],
				"url": {
					"raw": "http://localhost:{{portNumber}}/api/",
					"protocol": "http",
					"host": [
						"localhost"
					],
					"port": "{{portNumber}}",
					"path": [
						"api",
						""
					]
				}
			},
			"response": []
		},
		{
			"name": "GET Author (hateoas links)",
			"request": {
				"method": "GET",
				"header": [
					{
						"key": "Accept",
						"value": "application/vnd.marvin.hateoas+json"
					}
				],
				"url": {
					"raw": "http://localhost:{{portNumber}}/api/authors/d28888e9-2ba9-473a-a40f-e38cb54f9b35",
					"protocol": "http",
					"host": [
						"localhost"
					],
					"port": "{{portNumber}}",
					"path": [
						"api",
						"authors",
						"d28888e9-2ba9-473a-a40f-e38cb54f9b35"
					]
				}
			},
			"response": []
		},
		{
			"name": "GET Author (full without links)",
			"request": {
				"method": "GET",
				"header": [
					{
						"key": "Accept",
						"value": "application/vnd.marvin.author.full+json"
					}
				],
				"url": {
					"raw": "http://localhost:{{portNumber}}/api/authors/d28888e9-2ba9-473a-a40f-e38cb54f9b35",
					"protocol": "http",
					"host": [
						"localhost"
					],
					"port": "{{portNumber}}",
					"path": [
						"api",
						"authors",
						"d28888e9-2ba9-473a-a40f-e38cb54f9b35"
					]
				}
			},
			"response": []
		},
		{
			"name": "GET Author (full with links)",
			"request": {
				"method": "GET",
				"header": [
					{
						"key": "Accept",
						"value": "application/vnd.marvin.author.full.hateoas+json"
					}
				],
				"url": {
					"raw": "http://localhost:{{portNumber}}/api/authors/d28888e9-2ba9-473a-a40f-e38cb54f9b35",
					"protocol": "http",
					"host": [
						"localhost"
					],
					"port": "{{portNumber}}",
					"path": [
						"api",
						"authors",
						"d28888e9-2ba9-473a-a40f-e38cb54f9b35"
					]
				}
			},
			"response": []
		},
		{
			"name": "GET Author (friendly without links)",
			"request": {
				"method": "GET",
				"header": [
					{
						"key": "Accept",
						"value": "application/vnd.marvin.author.friendly+json"
					}
				],
				"url": {
					"raw": "http://localhost:{{portNumber}}/api/authors/d28888e9-2ba9-473a-a40f-e38cb54f9b35",
					"protocol": "http",
					"host": [
						"localhost"
					],
					"port": "{{portNumber}}",
					"path": [
						"api",
						"authors",
						"d28888e9-2ba9-473a-a40f-e38cb54f9b35"
					]
				}
			},
			"response": []
		},
		{
			"name": "GET Author (friendly with links)",
			"request": {
				"method": "GET",
				"header": [
					{
						"key": "Accept",
						"value": "application/vnd.marvin.author.friendly.hateoas+json"
					}
				],
				"url": {
					"raw": "http://localhost:{{portNumber}}/api/authors/d28888e9-2ba9-473a-a40f-e38cb54f9b35",
					"protocol": "http",
					"host": [
						"localhost"
					],
					"port": "{{portNumber}}",
					"path": [
						"api",
						"authors",
						"d28888e9-2ba9-473a-a40f-e38cb54f9b35"
					]
				}
			},
			"response": []
		},
		{
			"name": "POST Author",
			"request": {
				"method": "POST",
				"header": [
					{
						"key": "Content-Type",
						"value": "application/json"
					},
					{
						"key": "Accept",
						"value": "application/json"
					}
				],
				"body": {
					"mode": "raw",
					"raw": "{\n\t\"firstName\" : \"Warwick\",\n\t\"lastName\" : \"Crooked Oakley\",\n\t\"dateOfBirth\" : \"1958-03-04T00:00:00\",\n\t\"mainCategory\": \"Rum\"\n}"
				},
				"url": {
					"raw": "http://localhost:{{portNumber}}/api/authors",
					"protocol": "http",
					"host": [
						"localhost"
					],
					"port": "{{portNumber}}",
					"path": [
						"api",
						"authors"
					]
				}
			},
			"response": []
		},
		{
			"name": "POST Author (application/vnd.marvin.authorforcreation+json)",
			"request": {
				"method": "POST",
				"header": [
					{
						"key": "Content-Type",
						"value": "application/vnd.marvin.authorforcreation+json"
					},
					{
						"key": "Accept",
						"value": "application/json"
					}
				],
				"body": {
					"mode": "raw",
					"raw": "{\n\t\"firstName\" : \"Warwick\",\n\t\"lastName\" : \"Crooked Oakley\",\n\t\"dateOfBirth\" : \"1958-03-04T00:00:00\",\n\t\"mainCategory\": \"Rum\"\n}"
				},
				"url": {
					"raw": "http://localhost:{{portNumber}}/api/authors",
					"protocol": "http",
					"host": [
						"localhost"
					],
					"port": "{{portNumber}}",
					"path": [
						"api",
						"authors"
					]
				}
			},
			"response": []
		},
		{
			"name": "POST Author with Date of Death (application/vnd.marvin.authorforcreationwithdateofdeath+json)",
			"request": {
				"method": "POST",
				"header": [
					{
						"key": "Content-Type",
						"value": "application/vnd.marvin.authorforcreationwithdateofdeath+json"
					},
					{
						"key": "Accept",
						"value": "application/json"
					}
				],
				"body": {
					"mode": "raw",
					"raw": "{\n\t\"firstName\" : \"Warwick\",\n\t\"lastName\" : \"Crooked Oakley\",\n\t\"dateOfBirth\" : \"1958-03-04T00:00:00\",\n\t\"dateOfDeath\" : \"2018-05-09T00:00:00\",\n\t\"mainCategory\": \"Rum\"\n}"
				},
				"url": {
					"raw": "http://localhost:{{portNumber}}/api/authors",
					"protocol": "http",
					"host": [
						"localhost"
					],
					"port": "{{portNumber}}",
					"path": [
						"api",
						"authors"
					]
				}
			},
			"response": []
		},
		{
			"name": "GET Course (cache)",
			"request": {
				"method": "GET",
				"header": [
					{
						"key": "Accept",
						"value": "application/json"
					}
				],
				"url": {
					"raw": "http://localhost:{{portNumber}}/api/authors/d28888e9-2ba9-473a-a40f-e38cb54f9b35/courses/5b1c2b4d-48c7-402a-80c3-cc796ad49c6b",
					"protocol": "http",
					"host": [
						"localhost"
					],
					"port": "{{portNumber}}",
					"path": [
						"api",
						"authors",
						"d28888e9-2ba9-473a-a40f-e38cb54f9b35",
						"courses",
						"5b1c2b4d-48c7-402a-80c3-cc796ad49c6b"
					]
				}
			},
			"response": []
		},
		{
			"name": "GET Courses (cache)",
			"request": {
				"method": "GET",
				"header": [
					{
						"key": "Accept",
						"value": "application/json"
					}
				],
				"url": {
					"raw": "http://localhost:{{portNumber}}/api/authors/d28888e9-2ba9-473a-a40f-e38cb54f9b35/courses",
					"protocol": "http",
					"host": [
						"localhost"
					],
					"port": "{{portNumber}}",
					"path": [
						"api",
						"authors",
						"d28888e9-2ba9-473a-a40f-e38cb54f9b35",
						"courses"
					]
				}
			},
			"response": []
		},
		{
			"name": "PUT Course for Author",
			"request": {
				"method": "PUT",
				"header": [
					{
						"key": "Content-Type",
						"value": "application/json"
					},
					{
						"key": "Accept",
						"value": "application/json"
					}
				],
				"body": {
					"mode": "raw",
					"raw": "{\n  \"title\": \"Updated title\",\n  \"description\": \"Updated description\"\n}"
				},
				"url": {
					"raw": "http://localhost:{{portNumber}}/api/authors/d28888e9-2ba9-473a-a40f-e38cb54f9b35/courses/5b1c2b4d-48c7-402a-80c3-cc796ad49c6b",
					"protocol": "http",
					"host": [
						"localhost"
					],
					"port": "{{portNumber}}",
					"path": [
						"api",
						"authors",
						"d28888e9-2ba9-473a-a40f-e38cb54f9b35",
						"courses",
						"5b1c2b4d-48c7-402a-80c3-cc796ad49c6b"
					]
				}
			},
			"response": []
		}
	]
}